{
  "posts": [
    {
      "id": 1,
      "title": "json-server",
      "author": "typicode"
    }
  ],
  "comments": [
    {
      "id": 1,
      "body": "some comment",
      "postId": 1
    }
  ],
  "profile": [
    {
      "name": "typicode"
    }
  ],
  "users": [
    {
      "email": "hitesh@gmail.com",
      "password": "5555",
      "id": 1
    },
    {
      "email": "tina@gmail.com",
      "password": "11111",
      "id": 2
    },
    {
      "email": "mina@gmail.com",
      "password": "mmmm",
      "id": 3
    }
  ]
}